{"RGB":["./data/results/rgb/frame000003.png","./data/results/rgb/frame000004.png"],"BB":[[[[[0.596875,0.87708333333333333,0.08359375,0.15555555555555556],[0.545703125,0.81736111111111109,0.08125,0.15555555555555556],[0.309375,0.89236111111111116,0.10078125,0.17222222222222222],[0.298828125,0.29444444444444445,0.0625,0.11805555555555555],[0.440234375,0.15902777777777777,0.115625,0.31666666666666665],[0.06171875,0.6694444444444444,0.12265625,0.34305555555555556],[0.7234375,0.33888888888888891,0.18515625,0.3375],[0.654296875,0.54513888888888884,0.121875,0.20277777777777778]],[[0.440234375,0.15902777777777777,0.115625,0.31666666666666665],[0.06171875,0.6694444444444444,0.12265625,0.34305555555555556]]],[]],[]],"Mask":[["./data/results/semantic/seg_0_frame000003.png","./data/results/semantic/seg_1_frame000003.png","./data/results/semantic/seg_2_frame000003.png","./data/results/semantic/seg_3_frame000003.png","./data/results/semantic/seg_4_frame000003.png","./data/results/semantic/seg_5_frame000003.png","./data/results/semantic/seg_6_frame000003.png","./data/results/semantic/seg_7_frame000003.png"],["./data/results/semantic/seg_0_frame000004.png","./data/results/semantic/seg_1_frame000004.png"]],"Labels":[[["pouch"],["pouch"],["pouch"],["pouch"],["bottle"],["bottle"],["can"],["can"]],[["bottle"],["bottle"]]],"LabelColors":[{"name":["bottle"],"color":[0,0.45,0.74]},{"name":["can"],"color":[1,1,0]},{"name":["pouch"],"color":[0.85,0.33,0]}]}